{
    "task": "Bangking77Calsscification",
    "accuracy": 0.03672077922077922,
    "acc_stderr": 0.02134006219163992,
    "f1": 0.03672077922077922,
    "f1_stderr": 0.02134006219163992
}